{
  "https://tokens.javaswap.io/javaswap-default.json": {
    "name": "JavaSwap Default",
    "homepage": "https://javaswap.io"
  },
  "https://tokens.javaswap.io/javaswap-extended.json": {
    "name": "JavaSwap Extended",
    "homepage": "https://javaswap.io"
    
  },
  "https://tokens.javaswap.io/javaswap-top-100.json": {
    "name": "JavaSwap Top 100",
    "homepage": "https://javaswap.io"
    
  },
  "https://tokens.coingecko.com/binance-smart-chain/all.json": {
    "name": "CoinGecko",
    "homepage": "https://www.coingecko.com"
  }
}
